{"class 0": 0.9182266009852217, "class 1": 0.7841225626740946, "class 2": 0.45652173913043476, "class 3": 0.011753183153770812, "class 4": 0.643030935001738, "class 5": 0.0, "class 6": 0.013422818791946308, "class 7": 0.6823076923076923, "class 8": 0.0, "class 9": 0.36009280742459393}