{"class 0": 0.8518518518518519, "class 1": 0.9621574597651152, "class 2": 0.8297455968688846, "class 3": 0.8072174738841404, "class 4": 0.7927927927927928, "class 5": 0.6266582438408086, "class 6": 0.8663926002055498, "class 7": 0.8556554661618553, "class 8": 0.7800524934383203, "class 9": 0.7676560900716478}