{"Epoch": 0, "Train_Loss": 252.41744375228882, "Valid_Loss": 105.38028717041016}