{"Epoch": 0, "Train_Loss": 236.31030106544495, "Valid_Loss": 92.17904508113861}