{"class 0": 0.8876190476190476, "class 1": 0.6482440990213011, "class 2": 0.9051724137931034, "class 3": 0.5454545454545454, "class 4": 0.48812664907651715, "class 5": 0.0, "class 6": 0.08235294117647059, "class 7": 0.5642493638676844, "class 8": 0.0, "class 9": 0.2350802787034232}