{"class 0": 0.8152985074626866, "class 1": 0.9501718213058419, "class 2": 0.8379446640316206, "class 3": 0.7755474452554745, "class 4": 0.7795275590551181, "class 5": 0.7178002894356006, "class 6": 0.8532388663967612, "class 7": 0.8331797235023042, "class 8": 0.7980665950590763, "class 9": 0.7936507936507936}