{"class 0": 0.8918367346938776, "class 1": 0.9744493392070485, "class 2": 0.8217054263565892, "class 3": 0.8415841584158416, "class 4": 0.8065173116089613, "class 5": 0.5560538116591929, "class 6": 0.8799582463465553, "class 7": 0.8793774319066148, "class 8": 0.7628336755646817, "class 9": 0.7433102081268583}