{"class 0": 0.9510204081632653, "class 1": 0.9920704845814978, "class 2": 0.30523255813953487, "class 3": 0.005940594059405941, "class 4": 0.9419551934826884, "class 5": 0.0, "class 6": 0.007306889352818371, "class 7": 0.8628404669260701, "class 8": 0.0, "class 9": 0.7690782953419227}