{"class 0": 0.9549822964087001, "class 1": 0.9793950021920211, "class 2": 0.9060721062618595, "class 3": 0.9247417609444171, "class 4": 0.9078880407124682, "class 5": 0.9129229062673322, "class 6": 0.9303079416531604, "class 7": 0.9349633251833741, "class 8": 0.9107142857142857, "class 9": 0.8981800295130349}