{"class 0": 0.6598949211908931, "class 1": 0.9332113449222323, "class 2": 0.5394990366088632, "class 3": 0.0, "class 4": 0.31411530815109345, "class 5": 0.0, "class 6": 0.47200300638857573, "class 7": 0.4589563625267012, "class 8": 0.0040650406504065045, "class 9": 0.0}