{"class 0": 0.967741935483871, "class 1": 0.9805825242718447, "class 2": 0.954110898661568, "class 3": 0.9581442259203227, "class 4": 0.9720386375190645, "class 5": 0.9458403126744837, "class 6": 0.9594247560349256, "class 7": 0.9450121654501217, "class 8": 0.9622063329928497, "class 9": 0.9507042253521127}