{"Epoch": 0, "Train_Loss": 240.08877778053284, "Valid_Loss": 94.92380809783936}