{"Epoch": 199, "Train_Loss": 164.324272274971, "Valid_Loss": 71.70666038990021}