{"Epoch": 0, "Train_Loss": 253.07531356811523, "Valid_Loss": 108.00535774230957}