{"Epoch": 199, "Train_Loss": 161.77097642421722, "Valid_Loss": 70.7562620639801}