{"class 0": 0.5024, "class 1": 0.9705042816365367, "class 2": 0.4034582132564842, "class 3": 0.0, "class 4": 0.3067961165048544, "class 5": 0.0, "class 6": 0.36876100998238404, "class 7": 0.33437083148065805, "class 8": 0.2, "class 9": 0.0}