{"class 0": 0.9712230215827338, "class 1": 0.982316534040672, "class 2": 0.9415094339622642, "class 3": 0.9763617677286742, "class 4": 0.9705583756345177, "class 5": 0.9421579532814238, "class 6": 0.9443882709807887, "class 7": 0.9454722492697176, "class 8": 0.9573170731707317, "class 9": 0.965270684371808}