{"class 0": 0.9468405215646941, "class 1": 0.974694589877836, "class 2": 0.887546468401487, "class 3": 0.9188660801564027, "class 4": 0.9074262461851476, "class 5": 0.9034028540065862, "class 6": 0.9641657334826428, "class 7": 0.9400196656833825, "class 8": 0.932258064516129, "class 9": 0.8916015625}