{"class 0": 0.963265306122449, "class 1": 0.9841409691629956, "class 2": 0.9253875968992248, "class 3": 0.9306930693069307, "class 4": 0.9083503054989817, "class 5": 0.922645739910314, "class 6": 0.8987473903966597, "class 7": 0.9299610894941635, "class 8": 0.8901437371663244, "class 9": 0.9048562933597621}