{"class 0": 0.9612244897959183, "class 1": 0.8986784140969163, "class 2": 0.813953488372093, "class 3": 0.0, "class 4": 0.32179226069246436, "class 5": 0.0, "class 6": 0.6555323590814196, "class 7": 0.7315175097276264, "class 8": 0.002053388090349076, "class 9": 0.0}