{"class 0": 0.9642857142857143, "class 1": 0.9788546255506608, "class 2": 0.9670542635658915, "class 3": 0.9405940594059405, "class 4": 0.9735234215885947, "class 5": 0.9495515695067265, "class 6": 0.9749478079331941, "class 7": 0.9445525291828794, "class 8": 0.9671457905544147, "class 9": 0.9365708622398414}